CREATE TABLE room
(RM_ID		CHAR(4)	NOT NULL	PRIMARY KEY,
 RM_NAME	CHAR(30)	NOT NULL,
 RM_LOC	CHAR(5)	NOT NULL,
 RM_CAP	INT		NOT NULL);

CREATE TABLE software
(SW_ID		CHAR(4)	NOT NULL	PRIMARY KEY,
 SW_NAME	CHAR(25)	NOT NULL,
 SW_VER	CHAR(5)	NOT NULL);

CREATE TABLE installation
(RM_ID		CHAR(4)	NOT NULL	REFERENCES ROOM(RM_ID),
 SW_ID		CHAR(4)	NOT NULL 	REFERENCES SOFTWARE(SW_ID),
 DATE_INS	DATETIME	NOT NULL,
 PRIMARY KEY (RM_ID,SW_ID));

CREATE TABLE users
(U_ID		CHAR(8)	NOT NULL	PRIMARY KEY,
 U_NAME	CHAR(30)	NOT NULL,
 U_TYPE	CHAR(1)	NOT NULL);

CREATE TABLE labboy
(LB_ID		CHAR(4)	NOT NULL	PRIMARY KEY,
 LB_NAME	CHAR(30)	NOT NULL,
 LB_TYPE	CHAR(1)	NOT NULL,
 LB_PHONE	CHAR(12)	NOT NULL,
 LB_EXP_YR	INT		NOT NULL);

CREATE TABLE reservation
(RV_DATE	DATETIME	NOT NULL,
 RV_NUM	INT		NOT NULL,
 USE_DATE	DATETIME	NOT NULL,
 USE_TIN	DATETIME	NOT NULL,
 USE_TOUT	DATETIME	NOT NULL,
 RM_ID		CHAR(4)	NOT NULL 	REFERENCES ROOM(RM_ID),
 U_ID		CHAR(8)	NOT NULL 	REFERENCES USERS(U_ID),
 LB_ID		CHAR(4)	NOT NULL 	REFERENCES LABBOY(LB_ID),
 PRIMARY KEY (RV_DATE,RV_NUM));

CREATE TABLE period
(G_ID		CHAR(1)	NOT NULL	PRIMARY KEY,
 W_TIN		DATETIME	NOT NULL,
 W_TOUT	DATETIME	NOT NULL);

CREATE TABLE operation
(OP_DATE	DATETIME	NOT NULL,
 OP_NUM	INT		NOT NULL,
 LB_ID		CHAR(4)	NOT NULL 	REFERENCES LABBOY(LB_ID),
 G_ID		CHAR(1)	NOT NULL 	REFERENCES PERIOD(G_ID),
 RM_ID		CHAR(4)	NOT NULL 	REFERENCES ROOM(RM_ID),
 PRIMARY KEY (OP_DATE,OP_NUM));

INSERT INTO room VALUES ('A202','Electronic II','BM202',15);
INSERT INTO room VALUES ('B305','Civil Engineer I','WG305',30);
INSERT INTO room VALUES ('C202','Computer Engineer I','WG202',35);
INSERT INTO room VALUES ('C301','Computer Engineer II','MB301',20);
INSERT INTO room VALUES ('C302','Computer Engineer III','BM302',15);
INSERT INTO room VALUES ('C305','Computer Science','BB402',25);
INSERT INTO room VALUES ('I302','Information Technology I','MB202',30);
INSERT INTO room VALUES ('I304','Information Technology II','MB205',20);
INSERT INTO room VALUES ('M302','Business Administration I','MB302',30);
INSERT INTO room VALUES ('M501','Business Administration II','MB501',30);

INSERT INTO software VALUES ('A001','Acrobat Reader','5.0');
INSERT INTO software VALUES ('A002','Microsoft Access','2000');
INSERT INTO software VALUES ('D005','Macromedia Dreamweaver','4');
INSERT INTO software VALUES ('E002','Microsoft Excel','6.0');
INSERT INTO software VALUES ('P001','Microsoft PowerPoint','2000');
INSERT INTO software VALUES ('P002','Microsoft Project','98');
INSERT INTO software VALUES ('S003','Microsoft SQL Server','7.0');
INSERT INTO software VALUES ('V003','Microsoft Visual Basic','6.0');
INSERT INTO software VALUES ('W001','Microsoft Word','5.0');
INSERT INTO software VALUES ('W002','Microsoft Word','6.0');

INSERT INTO installation VALUES ('B305','W001','06/12/2000');
INSERT INTO installation VALUES ('B305','D005','10/02/2002');
INSERT INTO installation VALUES ('I302','S003','08/15/2001');
INSERT INTO installation VALUES ('I302','W002','07/20/2001');
INSERT INTO installation VALUES ('I304','D005','10/12/2002');
INSERT INTO installation VALUES ('I304','S003','08/15/2001');
INSERT INTO installation VALUES ('I304','W002','08/21/2001');
INSERT INTO installation VALUES ('M302','E002','04/15/2001');
INSERT INTO installation VALUES ('M302','P001','12/05/2001');
INSERT INTO installation VALUES ('M302','P002','03/20/2001');

INSERT INTO users VALUES ('20001970','ทรรศนา มหาชน','F');
INSERT INTO users VALUES ('28235714','ศึกษา วิชาดีเลิศ','S');
INSERT INTO users VALUES ('30000021','สมควร ใสสะอาด','S');
INSERT INTO users VALUES ('36974125','สมเกียรติ อ่อนน้อม','S');
INSERT INTO users VALUES ('41434567','ลักขณา รักสวย','U');
INSERT INTO users VALUES ('44135672','กิจจา อารัก','U');
INSERT INTO users VALUES ('45023152','กาญจน์ มหาศาล','U');
INSERT INTO users VALUES ('45142357','สายชล เก่งกาจ','U');
INSERT INTO users VALUES ('45236157','สุมลมาศ พิทักษ์ธานี','U');
INSERT INTO users VALUES ('50011280','มลิวัลย์ สมสมัย','F');

INSERT INTO labboy VALUES ('1002','สมชาย สุขดี','1','0-2503-2121',7);
INSERT INTO labboy VALUES ('1028','สิทธิชัย สมานกุล','1','0-6698-1250',5);
INSERT INTO labboy VALUES ('1247','กุมภา พิทักษ์สุข','1','0-9274-5812',5);
INSERT INTO labboy VALUES ('1321','งามเนตร ถนอมศรี','1','0-6689-3472',4);
INSERT INTO labboy VALUES ('2081','สวัสดิ์ สุขมาก','2','0-2576-2348',3);
INSERT INTO labboy VALUES ('2102','สกุลรัตน์ สมควรสุข','2','0-2281-1576',2);
INSERT INTO labboy VALUES ('2306','ลัดดาวรรณ เก่งเรียน','2','0-1496-3294',3);
INSERT INTO labboy VALUES ('3006','ลัดดา งามนัก','3','0-5503-4932',1);
INSERT INTO labboy VALUES ('3013','สกุณา เรียนเก่ง','3','0-1723-1250',2);
INSERT INTO labboy VALUES ('3287','กรุณา นามไพร','3','0-7555-0332',2);

INSERT INTO reservation VALUES('02/27/2003',12,'03/21/2003','10:00','11:00','A202','41434567','1002');
INSERT INTO reservation VALUES('02/27/2003',20,'03/15/2003','13:15','14:45','B305','41434567','1002');
INSERT INTO reservation VALUES('02/28/2003',8,'05/11/2003','17:10','19:30','A202','36974125','3006');
INSERT INTO reservation VALUES('02/28/2003',31,'04/10/2003','14:00','15:30','B305','36974125','3006');
INSERT INTO reservation VALUES('02/28/2003',11,'05/11/2003','09:10','10:30','A202','30000021','3006');
INSERT INTO reservation VALUES('02/28/2003',20,'05/11/2003','09:10','10:35','A202','28235714','1002');
INSERT INTO reservation VALUES('03/15/2003',34,'05/20/2003','10:30','12:00','M501','41434567','2081');
INSERT INTO reservation VALUES('04/14/2003',17,'05/11/2003','12:00','13:00','C302','41434567','1247');
INSERT INTO reservation VALUES('04/14/2003',18,'04/20/2003','09:20','10:40','C302','20001970','3287');
INSERT INTO reservation VALUES('04/15/2003',22,'05/01/2003','08:10','10:20','C305','44135672','3013');
INSERT INTO reservation VALUES('04/10/2003',27,'04/13/2003','10:40','11:45','I302','20001970','2102');
INSERT INTO reservation VALUES('04/22/2003',17,'04/28/2003','12:00','13:00','I304','44135672','1247');

INSERT INTO period VALUES ('A','08:00','12:00');
INSERT INTO period VALUES ('B','12:00','13:00');
INSERT INTO period VALUES ('C','13:00','17:00');
INSERT INTO period VALUES ('D','17:00','20:00');

INSERT INTO operation VALUES ('02/16/2003',8,'1247','C','B305');
INSERT INTO operation VALUES ('02/20/2003',5,'3006','A','A202');
INSERT INTO operation VALUES ('02/21/2003',4,'1247','A','A202');
INSERT INTO operation VALUES ('02/21/2003',7,'3013','B','A202');
INSERT INTO operation VALUES ('02/25/2003',3,'3006','A','C302');
INSERT INTO operation VALUES ('02/27/2003',1,'3013','B','B305');
INSERT INTO operation VALUES ('02/27/2003',2,'3006','C','B305');
INSERT INTO operation VALUES ('02/27/2003',3,'1028','D','B305');
INSERT INTO operation VALUES ('03/01/2003',5,'2102','C','M501');
INSERT INTO operation VALUES ('03/12/2003',6,'1321','D','C302');

